{"cameraMode":{"drawMode":0,"name":"Shaded","section":"Shading Mode"},"sceneLighting":true,"audioPlay":false,"sceneViewState":{"showFog":true,"showMaterialUpdate":false,"showSkybox":false,"showFlares":true,"showImageEffects":true,"showParticleSystems":true},"in2DMode":false,"pivot":{"x":206.7193603515625,"y":53.7352294921875,"z":198.53848266601563},"rotation":{"x":-0.03521788492798805,"y":-0.9641972780227661,"z":0.16830536723136903,"w":-0.2018827199935913},"size":15.711921691894532,"orthographic":false}